"Geslacht";"Leeftijd";"Gestandaardiseerd inkomen";"Zorgvorm Zvw-zorgkosten";"Perioden";"Gemiddelde zorgkosten volgens de Zvw (euro)";"Personen met Zvw-zorgkosten, relatief (%)"
"Totaal mannen en vrouwen";"Totaal, gestandaardiseerd";"Totaal alle inkomens";"Ziekenhuiszorg";"2009";"    1092";"       ."
"Totaal mannen en vrouwen";"Totaal, gestandaardiseerd";"Totaal alle inkomens";"Ziekenhuiszorg";"2010";"    1121";"       ."
"Totaal mannen en vrouwen";"Totaal, gestandaardiseerd";"Totaal alle inkomens";"Ziekenhuiszorg";"2011";"    1135";"       ."
"Totaal mannen en vrouwen";"Totaal, gestandaardiseerd";"Totaal alle inkomens";"Ziekenhuiszorg";"2012";"    1176";"       ."
"Totaal mannen en vrouwen";"Totaal, gestandaardiseerd";"Totaal alle inkomens";"Ziekenhuiszorg";"2013";"    1230";"       ."
"Totaal mannen en vrouwen";"Totaal, gestandaardiseerd";"Totaal alle inkomens";"Ziekenhuiszorg";"2014";"    1242";"       ."
"Totaal mannen en vrouwen";"Totaal, gestandaardiseerd";"Totaal alle inkomens";"Ziekenhuiszorg";"2015";"    1200";"       ."
"Totaal mannen en vrouwen";"Totaal, gestandaardiseerd";"Totaal alle inkomens";"Ziekenhuiszorg";"2016";"    1278";"       ."
"Totaal mannen en vrouwen";"Totaal, gestandaardiseerd";"Totaal alle inkomens";"Ziekenhuiszorg";"2017";"    1296";"    58.5"
"Totaal mannen en vrouwen";"Totaal, gestandaardiseerd";"Totaal alle inkomens";"Ziekenhuiszorg";"2018";"    1332";"    58.9"
"Totaal mannen en vrouwen";"Totaal, gestandaardiseerd";"Totaal alle inkomens";"Ziekenhuiszorg";"2019";"    1377";"    59.1"
"Totaal mannen en vrouwen";"Totaal, gestandaardiseerd";"Totaal alle inkomens";"Ziekenhuiszorg";"2020";"    1298";"    54.5"
"Totaal mannen en vrouwen";"Totaal, gestandaardiseerd";"Totaal alle inkomens";"Ziekenhuiszorg";"2021";"    1439";"    56.7"
"Totaal mannen en vrouwen";"Totaal, gestandaardiseerd";"Totaal alle inkomens";"Ziekenhuiszorg";"2022";"    1486";"    58.1"
"Totaal mannen en vrouwen";"Totaal, gestandaardiseerd";"Totaal alle inkomens";"Ziekenhuiszorg";"2023*";"    1593";"    59.1"
"Totaal mannen en vrouwen";"Totaal, gestandaardiseerd";"Totaal alle inkomens";"Farmacie";"2009";"     309";"       ."
"Totaal mannen en vrouwen";"Totaal, gestandaardiseerd";"Totaal alle inkomens";"Farmacie";"2010";"     315";"       ."
"Totaal mannen en vrouwen";"Totaal, gestandaardiseerd";"Totaal alle inkomens";"Farmacie";"2011";"     311";"       ."
"Totaal mannen en vrouwen";"Totaal, gestandaardiseerd";"Totaal alle inkomens";"Farmacie";"2012";"     273";"       ."
"Totaal mannen en vrouwen";"Totaal, gestandaardiseerd";"Totaal alle inkomens";"Farmacie";"2013";"     256";"       ."
"Totaal mannen en vrouwen";"Totaal, gestandaardiseerd";"Totaal alle inkomens";"Farmacie";"2014";"     256";"       ."
"Totaal mannen en vrouwen";"Totaal, gestandaardiseerd";"Totaal alle inkomens";"Farmacie";"2015";"     263";"       ."
"Totaal mannen en vrouwen";"Totaal, gestandaardiseerd";"Totaal alle inkomens";"Farmacie";"2016";"     267";"       ."
"Totaal mannen en vrouwen";"Totaal, gestandaardiseerd";"Totaal alle inkomens";"Farmacie";"2017";"     265";"    67.0"
"Totaal mannen en vrouwen";"Totaal, gestandaardiseerd";"Totaal alle inkomens";"Farmacie";"2018";"     268";"    67.2"
"Totaal mannen en vrouwen";"Totaal, gestandaardiseerd";"Totaal alle inkomens";"Farmacie";"2019";"     276";"    66.8"
"Totaal mannen en vrouwen";"Totaal, gestandaardiseerd";"Totaal alle inkomens";"Farmacie";"2020";"     281";"    64.1"
"Totaal mannen en vrouwen";"Totaal, gestandaardiseerd";"Totaal alle inkomens";"Farmacie";"2021";"     277";"    64.7"
"Totaal mannen en vrouwen";"Totaal, gestandaardiseerd";"Totaal alle inkomens";"Farmacie";"2022";"     295";"    65.8"
"Totaal mannen en vrouwen";"Totaal, gestandaardiseerd";"Totaal alle inkomens";"Farmacie";"2023*";"     299";"    66.0"
"Totaal mannen en vrouwen";"Totaal, gestandaardiseerd";"Totaal alle inkomens";"Geestelijke gezondheidszorg-ZPM";"2009";"";""
"Totaal mannen en vrouwen";"Totaal, gestandaardiseerd";"Totaal alle inkomens";"Geestelijke gezondheidszorg-ZPM";"2010";"";""
"Totaal mannen en vrouwen";"Totaal, gestandaardiseerd";"Totaal alle inkomens";"Geestelijke gezondheidszorg-ZPM";"2011";"";""
"Totaal mannen en vrouwen";"Totaal, gestandaardiseerd";"Totaal alle inkomens";"Geestelijke gezondheidszorg-ZPM";"2012";"";""
"Totaal mannen en vrouwen";"Totaal, gestandaardiseerd";"Totaal alle inkomens";"Geestelijke gezondheidszorg-ZPM";"2013";"";""
"Totaal mannen en vrouwen";"Totaal, gestandaardiseerd";"Totaal alle inkomens";"Geestelijke gezondheidszorg-ZPM";"2014";"";""
"Totaal mannen en vrouwen";"Totaal, gestandaardiseerd";"Totaal alle inkomens";"Geestelijke gezondheidszorg-ZPM";"2015";"";""
"Totaal mannen en vrouwen";"Totaal, gestandaardiseerd";"Totaal alle inkomens";"Geestelijke gezondheidszorg-ZPM";"2016";"";""
"Totaal mannen en vrouwen";"Totaal, gestandaardiseerd";"Totaal alle inkomens";"Geestelijke gezondheidszorg-ZPM";"2017";"";""
"Totaal mannen en vrouwen";"Totaal, gestandaardiseerd";"Totaal alle inkomens";"Geestelijke gezondheidszorg-ZPM";"2018";"";""
"Totaal mannen en vrouwen";"Totaal, gestandaardiseerd";"Totaal alle inkomens";"Geestelijke gezondheidszorg-ZPM";"2019";"";""
"Totaal mannen en vrouwen";"Totaal, gestandaardiseerd";"Totaal alle inkomens";"Geestelijke gezondheidszorg-ZPM";"2020";"";""
"Totaal mannen en vrouwen";"Totaal, gestandaardiseerd";"Totaal alle inkomens";"Geestelijke gezondheidszorg-ZPM";"2021";"";""
"Totaal mannen en vrouwen";"Totaal, gestandaardiseerd";"Totaal alle inkomens";"Geestelijke gezondheidszorg-ZPM";"2022";"     259";"     5.1"
"Totaal mannen en vrouwen";"Totaal, gestandaardiseerd";"Totaal alle inkomens";"Geestelijke gezondheidszorg-ZPM";"2023*";"     283";"     5.3"
"Totaal mannen en vrouwen";"Totaal, gestandaardiseerd";"1e 10%-inkomensgroep (laag inkomen)";"Ziekenhuiszorg";"2009";"    1116";"       ."
"Totaal mannen en vrouwen";"Totaal, gestandaardiseerd";"1e 10%-inkomensgroep (laag inkomen)";"Ziekenhuiszorg";"2010";"    1114";"       ."
"Totaal mannen en vrouwen";"Totaal, gestandaardiseerd";"1e 10%-inkomensgroep (laag inkomen)";"Ziekenhuiszorg";"2011";"    1099";"       ."
"Totaal mannen en vrouwen";"Totaal, gestandaardiseerd";"1e 10%-inkomensgroep (laag inkomen)";"Ziekenhuiszorg";"2012";"    1118";"       ."
"Totaal mannen en vrouwen";"Totaal, gestandaardiseerd";"1e 10%-inkomensgroep (laag inkomen)";"Ziekenhuiszorg";"2013";"    1175";"       ."
"Totaal mannen en vrouwen";"Totaal, gestandaardiseerd";"1e 10%-inkomensgroep (laag inkomen)";"Ziekenhuiszorg";"2014";"    1180";"       ."
"Totaal mannen en vrouwen";"Totaal, gestandaardiseerd";"1e 10%-inkomensgroep (laag inkomen)";"Ziekenhuiszorg";"2015";"    1145";"       ."
"Totaal mannen en vrouwen";"Totaal, gestandaardiseerd";"1e 10%-inkomensgroep (laag inkomen)";"Ziekenhuiszorg";"2016";"    1241";"       ."
"Totaal mannen en vrouwen";"Totaal, gestandaardiseerd";"1e 10%-inkomensgroep (laag inkomen)";"Ziekenhuiszorg";"2017";"    1268";"    56.5"
"Totaal mannen en vrouwen";"Totaal, gestandaardiseerd";"1e 10%-inkomensgroep (laag inkomen)";"Ziekenhuiszorg";"2018";"    1315";"    57.2"
"Totaal mannen en vrouwen";"Totaal, gestandaardiseerd";"1e 10%-inkomensgroep (laag inkomen)";"Ziekenhuiszorg";"2019";"    1388";"    57.2"
"Totaal mannen en vrouwen";"Totaal, gestandaardiseerd";"1e 10%-inkomensgroep (laag inkomen)";"Ziekenhuiszorg";"2020";"    1309";"    52.3"
"Totaal mannen en vrouwen";"Totaal, gestandaardiseerd";"1e 10%-inkomensgroep (laag inkomen)";"Ziekenhuiszorg";"2021";"    1462";"    54.6"
"Totaal mannen en vrouwen";"Totaal, gestandaardiseerd";"1e 10%-inkomensgroep (laag inkomen)";"Ziekenhuiszorg";"2022";"    1513";"    55.7"
"Totaal mannen en vrouwen";"Totaal, gestandaardiseerd";"1e 10%-inkomensgroep (laag inkomen)";"Ziekenhuiszorg";"2023*";"    1567";"    55.6"
"Totaal mannen en vrouwen";"Totaal, gestandaardiseerd";"1e 10%-inkomensgroep (laag inkomen)";"Farmacie";"2009";"     340";"       ."
"Totaal mannen en vrouwen";"Totaal, gestandaardiseerd";"1e 10%-inkomensgroep (laag inkomen)";"Farmacie";"2010";"     334";"       ."
"Totaal mannen en vrouwen";"Totaal, gestandaardiseerd";"1e 10%-inkomensgroep (laag inkomen)";"Farmacie";"2011";"     321";"       ."
"Totaal mannen en vrouwen";"Totaal, gestandaardiseerd";"1e 10%-inkomensgroep (laag inkomen)";"Farmacie";"2012";"     285";"       ."
"Totaal mannen en vrouwen";"Totaal, gestandaardiseerd";"1e 10%-inkomensgroep (laag inkomen)";"Farmacie";"2013";"     270";"       ."
"Totaal mannen en vrouwen";"Totaal, gestandaardiseerd";"1e 10%-inkomensgroep (laag inkomen)";"Farmacie";"2014";"     263";"       ."
"Totaal mannen en vrouwen";"Totaal, gestandaardiseerd";"1e 10%-inkomensgroep (laag inkomen)";"Farmacie";"2015";"     275";"       ."
"Totaal mannen en vrouwen";"Totaal, gestandaardiseerd";"1e 10%-inkomensgroep (laag inkomen)";"Farmacie";"2016";"     315";"       ."
"Totaal mannen en vrouwen";"Totaal, gestandaardiseerd";"1e 10%-inkomensgroep (laag inkomen)";"Farmacie";"2017";"     307";"    63.8"
"Totaal mannen en vrouwen";"Totaal, gestandaardiseerd";"1e 10%-inkomensgroep (laag inkomen)";"Farmacie";"2018";"     309";"    64.2"
"Totaal mannen en vrouwen";"Totaal, gestandaardiseerd";"1e 10%-inkomensgroep (laag inkomen)";"Farmacie";"2019";"     319";"    63.8"
"Totaal mannen en vrouwen";"Totaal, gestandaardiseerd";"1e 10%-inkomensgroep (laag inkomen)";"Farmacie";"2020";"     329";"    61.3"
"Totaal mannen en vrouwen";"Totaal, gestandaardiseerd";"1e 10%-inkomensgroep (laag inkomen)";"Farmacie";"2021";"     327";"    62.0"
"Totaal mannen en vrouwen";"Totaal, gestandaardiseerd";"1e 10%-inkomensgroep (laag inkomen)";"Farmacie";"2022";"     346";"    62.9"
"Totaal mannen en vrouwen";"Totaal, gestandaardiseerd";"1e 10%-inkomensgroep (laag inkomen)";"Farmacie";"2023*";"     329";"    61.5"
"Totaal mannen en vrouwen";"Totaal, gestandaardiseerd";"1e 10%-inkomensgroep (laag inkomen)";"Geestelijke gezondheidszorg-ZPM";"2009";"";""
"Totaal mannen en vrouwen";"Totaal, gestandaardiseerd";"1e 10%-inkomensgroep (laag inkomen)";"Geestelijke gezondheidszorg-ZPM";"2010";"";""
"Totaal mannen en vrouwen";"Totaal, gestandaardiseerd";"1e 10%-inkomensgroep (laag inkomen)";"Geestelijke gezondheidszorg-ZPM";"2011";"";""
"Totaal mannen en vrouwen";"Totaal, gestandaardiseerd";"1e 10%-inkomensgroep (laag inkomen)";"Geestelijke gezondheidszorg-ZPM";"2012";"";""
"Totaal mannen en vrouwen";"Totaal, gestandaardiseerd";"1e 10%-inkomensgroep (laag inkomen)";"Geestelijke gezondheidszorg-ZPM";"2013";"";""
"Totaal mannen en vrouwen";"Totaal, gestandaardiseerd";"1e 10%-inkomensgroep (laag inkomen)";"Geestelijke gezondheidszorg-ZPM";"2014";"";""
"Totaal mannen en vrouwen";"Totaal, gestandaardiseerd";"1e 10%-inkomensgroep (laag inkomen)";"Geestelijke gezondheidszorg-ZPM";"2015";"";""
"Totaal mannen en vrouwen";"Totaal, gestandaardiseerd";"1e 10%-inkomensgroep (laag inkomen)";"Geestelijke gezondheidszorg-ZPM";"2016";"";""
"Totaal mannen en vrouwen";"Totaal, gestandaardiseerd";"1e 10%-inkomensgroep (laag inkomen)";"Geestelijke gezondheidszorg-ZPM";"2017";"";""
"Totaal mannen en vrouwen";"Totaal, gestandaardiseerd";"1e 10%-inkomensgroep (laag inkomen)";"Geestelijke gezondheidszorg-ZPM";"2018";"";""
"Totaal mannen en vrouwen";"Totaal, gestandaardiseerd";"1e 10%-inkomensgroep (laag inkomen)";"Geestelijke gezondheidszorg-ZPM";"2019";"";""
"Totaal mannen en vrouwen";"Totaal, gestandaardiseerd";"1e 10%-inkomensgroep (laag inkomen)";"Geestelijke gezondheidszorg-ZPM";"2020";"";""
"Totaal mannen en vrouwen";"Totaal, gestandaardiseerd";"1e 10%-inkomensgroep (laag inkomen)";"Geestelijke gezondheidszorg-ZPM";"2021";"";""
"Totaal mannen en vrouwen";"Totaal, gestandaardiseerd";"1e 10%-inkomensgroep (laag inkomen)";"Geestelijke gezondheidszorg-ZPM";"2022";"     660";"     8.4"
"Totaal mannen en vrouwen";"Totaal, gestandaardiseerd";"1e 10%-inkomensgroep (laag inkomen)";"Geestelijke gezondheidszorg-ZPM";"2023*";"     658";"     8.1"
"Totaal mannen en vrouwen";"Totaal, gestandaardiseerd";"2e 10%-inkomensgroep";"Ziekenhuiszorg";"2009";"    1257";"       ."
"Totaal mannen en vrouwen";"Totaal, gestandaardiseerd";"2e 10%-inkomensgroep";"Ziekenhuiszorg";"2010";"    1300";"       ."
"Totaal mannen en vrouwen";"Totaal, gestandaardiseerd";"2e 10%-inkomensgroep";"Ziekenhuiszorg";"2011";"    1308";"       ."
"Totaal mannen en vrouwen";"Totaal, gestandaardiseerd";"2e 10%-inkomensgroep";"Ziekenhuiszorg";"2012";"    1343";"       ."
"Totaal mannen en vrouwen";"Totaal, gestandaardiseerd";"2e 10%-inkomensgroep";"Ziekenhuiszorg";"2013";"    1408";"       ."
"Totaal mannen en vrouwen";"Totaal, gestandaardiseerd";"2e 10%-inkomensgroep";"Ziekenhuiszorg";"2014";"    1414";"       ."
"Totaal mannen en vrouwen";"Totaal, gestandaardiseerd";"2e 10%-inkomensgroep";"Ziekenhuiszorg";"2015";"    1352";"       ."
"Totaal mannen en vrouwen";"Totaal, gestandaardiseerd";"2e 10%-inkomensgroep";"Ziekenhuiszorg";"2016";"    1517";"       ."
"Totaal mannen en vrouwen";"Totaal, gestandaardiseerd";"2e 10%-inkomensgroep";"Ziekenhuiszorg";"2017";"    1550";"    61.2"
"Totaal mannen en vrouwen";"Totaal, gestandaardiseerd";"2e 10%-inkomensgroep";"Ziekenhuiszorg";"2018";"    1581";"    61.6"
"Totaal mannen en vrouwen";"Totaal, gestandaardiseerd";"2e 10%-inkomensgroep";"Ziekenhuiszorg";"2019";"    1647";"    61.6"
"Totaal mannen en vrouwen";"Totaal, gestandaardiseerd";"2e 10%-inkomensgroep";"Ziekenhuiszorg";"2020";"    1531";"    56.6"
"Totaal mannen en vrouwen";"Totaal, gestandaardiseerd";"2e 10%-inkomensgroep";"Ziekenhuiszorg";"2021";"    1711";"    58.7"
"Totaal mannen en vrouwen";"Totaal, gestandaardiseerd";"2e 10%-inkomensgroep";"Ziekenhuiszorg";"2022";"    1753";"    59.8"
"Totaal mannen en vrouwen";"Totaal, gestandaardiseerd";"2e 10%-inkomensgroep";"Ziekenhuiszorg";"2023*";"    1907";"    60.9"
"Totaal mannen en vrouwen";"Totaal, gestandaardiseerd";"2e 10%-inkomensgroep";"Farmacie";"2009";"     382";"       ."
"Totaal mannen en vrouwen";"Totaal, gestandaardiseerd";"2e 10%-inkomensgroep";"Farmacie";"2010";"     398";"       ."
"Totaal mannen en vrouwen";"Totaal, gestandaardiseerd";"2e 10%-inkomensgroep";"Farmacie";"2011";"     399";"       ."
"Totaal mannen en vrouwen";"Totaal, gestandaardiseerd";"2e 10%-inkomensgroep";"Farmacie";"2012";"     362";"       ."
"Totaal mannen en vrouwen";"Totaal, gestandaardiseerd";"2e 10%-inkomensgroep";"Farmacie";"2013";"     345";"       ."
"Totaal mannen en vrouwen";"Totaal, gestandaardiseerd";"2e 10%-inkomensgroep";"Farmacie";"2014";"     344";"       ."
"Totaal mannen en vrouwen";"Totaal, gestandaardiseerd";"2e 10%-inkomensgroep";"Farmacie";"2015";"     366";"       ."
"Totaal mannen en vrouwen";"Totaal, gestandaardiseerd";"2e 10%-inkomensgroep";"Farmacie";"2016";"     388";"       ."
"Totaal mannen en vrouwen";"Totaal, gestandaardiseerd";"2e 10%-inkomensgroep";"Farmacie";"2017";"     382";"    70.7"
"Totaal mannen en vrouwen";"Totaal, gestandaardiseerd";"2e 10%-inkomensgroep";"Farmacie";"2018";"     379";"    70.8"
"Totaal mannen en vrouwen";"Totaal, gestandaardiseerd";"2e 10%-inkomensgroep";"Farmacie";"2019";"     388";"    70.3"
"Totaal mannen en vrouwen";"Totaal, gestandaardiseerd";"2e 10%-inkomensgroep";"Farmacie";"2020";"     392";"    67.5"
"Totaal mannen en vrouwen";"Totaal, gestandaardiseerd";"2e 10%-inkomensgroep";"Farmacie";"2021";"     386";"    68.0"
"Totaal mannen en vrouwen";"Totaal, gestandaardiseerd";"2e 10%-inkomensgroep";"Farmacie";"2022";"     408";"    68.7"
"Totaal mannen en vrouwen";"Totaal, gestandaardiseerd";"2e 10%-inkomensgroep";"Farmacie";"2023*";"     421";"    68.9"
"Totaal mannen en vrouwen";"Totaal, gestandaardiseerd";"2e 10%-inkomensgroep";"Geestelijke gezondheidszorg-ZPM";"2009";"";""
"Totaal mannen en vrouwen";"Totaal, gestandaardiseerd";"2e 10%-inkomensgroep";"Geestelijke gezondheidszorg-ZPM";"2010";"";""
"Totaal mannen en vrouwen";"Totaal, gestandaardiseerd";"2e 10%-inkomensgroep";"Geestelijke gezondheidszorg-ZPM";"2011";"";""
"Totaal mannen en vrouwen";"Totaal, gestandaardiseerd";"2e 10%-inkomensgroep";"Geestelijke gezondheidszorg-ZPM";"2012";"";""
"Totaal mannen en vrouwen";"Totaal, gestandaardiseerd";"2e 10%-inkomensgroep";"Geestelijke gezondheidszorg-ZPM";"2013";"";""
"Totaal mannen en vrouwen";"Totaal, gestandaardiseerd";"2e 10%-inkomensgroep";"Geestelijke gezondheidszorg-ZPM";"2014";"";""
"Totaal mannen en vrouwen";"Totaal, gestandaardiseerd";"2e 10%-inkomensgroep";"Geestelijke gezondheidszorg-ZPM";"2015";"";""
"Totaal mannen en vrouwen";"Totaal, gestandaardiseerd";"2e 10%-inkomensgroep";"Geestelijke gezondheidszorg-ZPM";"2016";"";""
"Totaal mannen en vrouwen";"Totaal, gestandaardiseerd";"2e 10%-inkomensgroep";"Geestelijke gezondheidszorg-ZPM";"2017";"";""
"Totaal mannen en vrouwen";"Totaal, gestandaardiseerd";"2e 10%-inkomensgroep";"Geestelijke gezondheidszorg-ZPM";"2018";"";""
"Totaal mannen en vrouwen";"Totaal, gestandaardiseerd";"2e 10%-inkomensgroep";"Geestelijke gezondheidszorg-ZPM";"2019";"";""
"Totaal mannen en vrouwen";"Totaal, gestandaardiseerd";"2e 10%-inkomensgroep";"Geestelijke gezondheidszorg-ZPM";"2020";"";""
"Totaal mannen en vrouwen";"Totaal, gestandaardiseerd";"2e 10%-inkomensgroep";"Geestelijke gezondheidszorg-ZPM";"2021";"";""
"Totaal mannen en vrouwen";"Totaal, gestandaardiseerd";"2e 10%-inkomensgroep";"Geestelijke gezondheidszorg-ZPM";"2022";"     521";"     7.8"
"Totaal mannen en vrouwen";"Totaal, gestandaardiseerd";"2e 10%-inkomensgroep";"Geestelijke gezondheidszorg-ZPM";"2023*";"     621";"     8.6"
"Totaal mannen en vrouwen";"Totaal, gestandaardiseerd";"3e 10%-inkomensgroep";"Ziekenhuiszorg";"2009";"    1174";"       ."
"Totaal mannen en vrouwen";"Totaal, gestandaardiseerd";"3e 10%-inkomensgroep";"Ziekenhuiszorg";"2010";"    1220";"       ."
"Totaal mannen en vrouwen";"Totaal, gestandaardiseerd";"3e 10%-inkomensgroep";"Ziekenhuiszorg";"2011";"    1245";"       ."
"Totaal mannen en vrouwen";"Totaal, gestandaardiseerd";"3e 10%-inkomensgroep";"Ziekenhuiszorg";"2012";"    1282";"       ."
"Totaal mannen en vrouwen";"Totaal, gestandaardiseerd";"3e 10%-inkomensgroep";"Ziekenhuiszorg";"2013";"    1347";"       ."
"Totaal mannen en vrouwen";"Totaal, gestandaardiseerd";"3e 10%-inkomensgroep";"Ziekenhuiszorg";"2014";"    1370";"       ."
"Totaal mannen en vrouwen";"Totaal, gestandaardiseerd";"3e 10%-inkomensgroep";"Ziekenhuiszorg";"2015";"    1338";"       ."
"Totaal mannen en vrouwen";"Totaal, gestandaardiseerd";"3e 10%-inkomensgroep";"Ziekenhuiszorg";"2016";"    1408";"       ."
"Totaal mannen en vrouwen";"Totaal, gestandaardiseerd";"3e 10%-inkomensgroep";"Ziekenhuiszorg";"2017";"    1437";"    59.4"
"Totaal mannen en vrouwen";"Totaal, gestandaardiseerd";"3e 10%-inkomensgroep";"Ziekenhuiszorg";"2018";"    1461";"    59.7"
"Totaal mannen en vrouwen";"Totaal, gestandaardiseerd";"3e 10%-inkomensgroep";"Ziekenhuiszorg";"2019";"    1501";"    59.7"
"Totaal mannen en vrouwen";"Totaal, gestandaardiseerd";"3e 10%-inkomensgroep";"Ziekenhuiszorg";"2020";"    1411";"    55.1"
"Totaal mannen en vrouwen";"Totaal, gestandaardiseerd";"3e 10%-inkomensgroep";"Ziekenhuiszorg";"2021";"    1569";"    57.3"
"Totaal mannen en vrouwen";"Totaal, gestandaardiseerd";"3e 10%-inkomensgroep";"Ziekenhuiszorg";"2022";"    1616";"    58.5"
"Totaal mannen en vrouwen";"Totaal, gestandaardiseerd";"3e 10%-inkomensgroep";"Ziekenhuiszorg";"2023*";"    1735";"    59.5"
"Totaal mannen en vrouwen";"Totaal, gestandaardiseerd";"3e 10%-inkomensgroep";"Farmacie";"2009";"     338";"       ."
"Totaal mannen en vrouwen";"Totaal, gestandaardiseerd";"3e 10%-inkomensgroep";"Farmacie";"2010";"     353";"       ."
"Totaal mannen en vrouwen";"Totaal, gestandaardiseerd";"3e 10%-inkomensgroep";"Farmacie";"2011";"     356";"       ."
"Totaal mannen en vrouwen";"Totaal, gestandaardiseerd";"3e 10%-inkomensgroep";"Farmacie";"2012";"     313";"       ."
"Totaal mannen en vrouwen";"Totaal, gestandaardiseerd";"3e 10%-inkomensgroep";"Farmacie";"2013";"     298";"       ."
"Totaal mannen en vrouwen";"Totaal, gestandaardiseerd";"3e 10%-inkomensgroep";"Farmacie";"2014";"     302";"       ."
"Totaal mannen en vrouwen";"Totaal, gestandaardiseerd";"3e 10%-inkomensgroep";"Farmacie";"2015";"     320";"       ."
"Totaal mannen en vrouwen";"Totaal, gestandaardiseerd";"3e 10%-inkomensgroep";"Farmacie";"2016";"     313";"       ."
"Totaal mannen en vrouwen";"Totaal, gestandaardiseerd";"3e 10%-inkomensgroep";"Farmacie";"2017";"     309";"    68.6"
"Totaal mannen en vrouwen";"Totaal, gestandaardiseerd";"3e 10%-inkomensgroep";"Farmacie";"2018";"     312";"    68.8"
"Totaal mannen en vrouwen";"Totaal, gestandaardiseerd";"3e 10%-inkomensgroep";"Farmacie";"2019";"     318";"    68.3"
"Totaal mannen en vrouwen";"Totaal, gestandaardiseerd";"3e 10%-inkomensgroep";"Farmacie";"2020";"     322";"    65.6"
"Totaal mannen en vrouwen";"Totaal, gestandaardiseerd";"3e 10%-inkomensgroep";"Farmacie";"2021";"     317";"    66.1"
"Totaal mannen en vrouwen";"Totaal, gestandaardiseerd";"3e 10%-inkomensgroep";"Farmacie";"2022";"     333";"    67.1"
"Totaal mannen en vrouwen";"Totaal, gestandaardiseerd";"3e 10%-inkomensgroep";"Farmacie";"2023*";"     340";"    67.0"
"Totaal mannen en vrouwen";"Totaal, gestandaardiseerd";"3e 10%-inkomensgroep";"Geestelijke gezondheidszorg-ZPM";"2009";"";""
"Totaal mannen en vrouwen";"Totaal, gestandaardiseerd";"3e 10%-inkomensgroep";"Geestelijke gezondheidszorg-ZPM";"2010";"";""
"Totaal mannen en vrouwen";"Totaal, gestandaardiseerd";"3e 10%-inkomensgroep";"Geestelijke gezondheidszorg-ZPM";"2011";"";""
"Totaal mannen en vrouwen";"Totaal, gestandaardiseerd";"3e 10%-inkomensgroep";"Geestelijke gezondheidszorg-ZPM";"2012";"";""
"Totaal mannen en vrouwen";"Totaal, gestandaardiseerd";"3e 10%-inkomensgroep";"Geestelijke gezondheidszorg-ZPM";"2013";"";""
"Totaal mannen en vrouwen";"Totaal, gestandaardiseerd";"3e 10%-inkomensgroep";"Geestelijke gezondheidszorg-ZPM";"2014";"";""
"Totaal mannen en vrouwen";"Totaal, gestandaardiseerd";"3e 10%-inkomensgroep";"Geestelijke gezondheidszorg-ZPM";"2015";"";""
"Totaal mannen en vrouwen";"Totaal, gestandaardiseerd";"3e 10%-inkomensgroep";"Geestelijke gezondheidszorg-ZPM";"2016";"";""
"Totaal mannen en vrouwen";"Totaal, gestandaardiseerd";"3e 10%-inkomensgroep";"Geestelijke gezondheidszorg-ZPM";"2017";"";""
"Totaal mannen en vrouwen";"Totaal, gestandaardiseerd";"3e 10%-inkomensgroep";"Geestelijke gezondheidszorg-ZPM";"2018";"";""
"Totaal mannen en vrouwen";"Totaal, gestandaardiseerd";"3e 10%-inkomensgroep";"Geestelijke gezondheidszorg-ZPM";"2019";"";""
"Totaal mannen en vrouwen";"Totaal, gestandaardiseerd";"3e 10%-inkomensgroep";"Geestelijke gezondheidszorg-ZPM";"2020";"";""
"Totaal mannen en vrouwen";"Totaal, gestandaardiseerd";"3e 10%-inkomensgroep";"Geestelijke gezondheidszorg-ZPM";"2021";"";""
"Totaal mannen en vrouwen";"Totaal, gestandaardiseerd";"3e 10%-inkomensgroep";"Geestelijke gezondheidszorg-ZPM";"2022";"     291";"     5.8"
"Totaal mannen en vrouwen";"Totaal, gestandaardiseerd";"3e 10%-inkomensgroep";"Geestelijke gezondheidszorg-ZPM";"2023*";"     329";"     6.1"
"Totaal mannen en vrouwen";"Totaal, gestandaardiseerd";"4e 10%-inkomensgroep";"Ziekenhuiszorg";"2009";"    1137";"       ."
"Totaal mannen en vrouwen";"Totaal, gestandaardiseerd";"4e 10%-inkomensgroep";"Ziekenhuiszorg";"2010";"    1178";"       ."
"Totaal mannen en vrouwen";"Totaal, gestandaardiseerd";"4e 10%-inkomensgroep";"Ziekenhuiszorg";"2011";"    1194";"       ."
"Totaal mannen en vrouwen";"Totaal, gestandaardiseerd";"4e 10%-inkomensgroep";"Ziekenhuiszorg";"2012";"    1236";"       ."
"Totaal mannen en vrouwen";"Totaal, gestandaardiseerd";"4e 10%-inkomensgroep";"Ziekenhuiszorg";"2013";"    1296";"       ."
"Totaal mannen en vrouwen";"Totaal, gestandaardiseerd";"4e 10%-inkomensgroep";"Ziekenhuiszorg";"2014";"    1309";"       ."
"Totaal mannen en vrouwen";"Totaal, gestandaardiseerd";"4e 10%-inkomensgroep";"Ziekenhuiszorg";"2015";"    1271";"       ."
"Totaal mannen en vrouwen";"Totaal, gestandaardiseerd";"4e 10%-inkomensgroep";"Ziekenhuiszorg";"2016";"    1337";"       ."
"Totaal mannen en vrouwen";"Totaal, gestandaardiseerd";"4e 10%-inkomensgroep";"Ziekenhuiszorg";"2017";"    1342";"    58.7"
"Totaal mannen en vrouwen";"Totaal, gestandaardiseerd";"4e 10%-inkomensgroep";"Ziekenhuiszorg";"2018";"    1381";"    59.2"
"Totaal mannen en vrouwen";"Totaal, gestandaardiseerd";"4e 10%-inkomensgroep";"Ziekenhuiszorg";"2019";"    1430";"    59.3"
"Totaal mannen en vrouwen";"Totaal, gestandaardiseerd";"4e 10%-inkomensgroep";"Ziekenhuiszorg";"2020";"    1339";"    54.7"
"Totaal mannen en vrouwen";"Totaal, gestandaardiseerd";"4e 10%-inkomensgroep";"Ziekenhuiszorg";"2021";"    1484";"    56.9"
"Totaal mannen en vrouwen";"Totaal, gestandaardiseerd";"4e 10%-inkomensgroep";"Ziekenhuiszorg";"2022";"    1541";"    58.3"
"Totaal mannen en vrouwen";"Totaal, gestandaardiseerd";"4e 10%-inkomensgroep";"Ziekenhuiszorg";"2023*";"    1647";"    59.3"
"Totaal mannen en vrouwen";"Totaal, gestandaardiseerd";"4e 10%-inkomensgroep";"Farmacie";"2009";"     322";"       ."
"Totaal mannen en vrouwen";"Totaal, gestandaardiseerd";"4e 10%-inkomensgroep";"Farmacie";"2010";"     330";"       ."
"Totaal mannen en vrouwen";"Totaal, gestandaardiseerd";"4e 10%-inkomensgroep";"Farmacie";"2011";"     329";"       ."
"Totaal mannen en vrouwen";"Totaal, gestandaardiseerd";"4e 10%-inkomensgroep";"Farmacie";"2012";"     289";"       ."
"Totaal mannen en vrouwen";"Totaal, gestandaardiseerd";"4e 10%-inkomensgroep";"Farmacie";"2013";"     272";"       ."
"Totaal mannen en vrouwen";"Totaal, gestandaardiseerd";"4e 10%-inkomensgroep";"Farmacie";"2014";"     274";"       ."
"Totaal mannen en vrouwen";"Totaal, gestandaardiseerd";"4e 10%-inkomensgroep";"Farmacie";"2015";"     283";"       ."
"Totaal mannen en vrouwen";"Totaal, gestandaardiseerd";"4e 10%-inkomensgroep";"Farmacie";"2016";"     277";"       ."
"Totaal mannen en vrouwen";"Totaal, gestandaardiseerd";"4e 10%-inkomensgroep";"Farmacie";"2017";"     277";"    68.0"
"Totaal mannen en vrouwen";"Totaal, gestandaardiseerd";"4e 10%-inkomensgroep";"Farmacie";"2018";"     277";"    68.3"
"Totaal mannen en vrouwen";"Totaal, gestandaardiseerd";"4e 10%-inkomensgroep";"Farmacie";"2019";"     283";"    67.9"
"Totaal mannen en vrouwen";"Totaal, gestandaardiseerd";"4e 10%-inkomensgroep";"Farmacie";"2020";"     288";"    65.1"
"Totaal mannen en vrouwen";"Totaal, gestandaardiseerd";"4e 10%-inkomensgroep";"Farmacie";"2021";"     284";"    65.7"
"Totaal mannen en vrouwen";"Totaal, gestandaardiseerd";"4e 10%-inkomensgroep";"Farmacie";"2022";"     305";"    66.8"
"Totaal mannen en vrouwen";"Totaal, gestandaardiseerd";"4e 10%-inkomensgroep";"Farmacie";"2023*";"     307";"    66.9"
"Totaal mannen en vrouwen";"Totaal, gestandaardiseerd";"4e 10%-inkomensgroep";"Geestelijke gezondheidszorg-ZPM";"2009";"";""
"Totaal mannen en vrouwen";"Totaal, gestandaardiseerd";"4e 10%-inkomensgroep";"Geestelijke gezondheidszorg-ZPM";"2010";"";""
"Totaal mannen en vrouwen";"Totaal, gestandaardiseerd";"4e 10%-inkomensgroep";"Geestelijke gezondheidszorg-ZPM";"2011";"";""
"Totaal mannen en vrouwen";"Totaal, gestandaardiseerd";"4e 10%-inkomensgroep";"Geestelijke gezondheidszorg-ZPM";"2012";"";""
"Totaal mannen en vrouwen";"Totaal, gestandaardiseerd";"4e 10%-inkomensgroep";"Geestelijke gezondheidszorg-ZPM";"2013";"";""
"Totaal mannen en vrouwen";"Totaal, gestandaardiseerd";"4e 10%-inkomensgroep";"Geestelijke gezondheidszorg-ZPM";"2014";"";""
"Totaal mannen en vrouwen";"Totaal, gestandaardiseerd";"4e 10%-inkomensgroep";"Geestelijke gezondheidszorg-ZPM";"2015";"";""
"Totaal mannen en vrouwen";"Totaal, gestandaardiseerd";"4e 10%-inkomensgroep";"Geestelijke gezondheidszorg-ZPM";"2016";"";""
"Totaal mannen en vrouwen";"Totaal, gestandaardiseerd";"4e 10%-inkomensgroep";"Geestelijke gezondheidszorg-ZPM";"2017";"";""
"Totaal mannen en vrouwen";"Totaal, gestandaardiseerd";"4e 10%-inkomensgroep";"Geestelijke gezondheidszorg-ZPM";"2018";"";""
"Totaal mannen en vrouwen";"Totaal, gestandaardiseerd";"4e 10%-inkomensgroep";"Geestelijke gezondheidszorg-ZPM";"2019";"";""
"Totaal mannen en vrouwen";"Totaal, gestandaardiseerd";"4e 10%-inkomensgroep";"Geestelijke gezondheidszorg-ZPM";"2020";"";""
"Totaal mannen en vrouwen";"Totaal, gestandaardiseerd";"4e 10%-inkomensgroep";"Geestelijke gezondheidszorg-ZPM";"2021";"";""
"Totaal mannen en vrouwen";"Totaal, gestandaardiseerd";"4e 10%-inkomensgroep";"Geestelijke gezondheidszorg-ZPM";"2022";"     239";"     5.2"
"Totaal mannen en vrouwen";"Totaal, gestandaardiseerd";"4e 10%-inkomensgroep";"Geestelijke gezondheidszorg-ZPM";"2023*";"     267";"     5.5"
"Totaal mannen en vrouwen";"Totaal, gestandaardiseerd";"5e 10%-inkomensgroep";"Ziekenhuiszorg";"2009";"    1111";"       ."
"Totaal mannen en vrouwen";"Totaal, gestandaardiseerd";"5e 10%-inkomensgroep";"Ziekenhuiszorg";"2010";"    1134";"       ."
"Totaal mannen en vrouwen";"Totaal, gestandaardiseerd";"5e 10%-inkomensgroep";"Ziekenhuiszorg";"2011";"    1156";"       ."
"Totaal mannen en vrouwen";"Totaal, gestandaardiseerd";"5e 10%-inkomensgroep";"Ziekenhuiszorg";"2012";"    1201";"       ."
"Totaal mannen en vrouwen";"Totaal, gestandaardiseerd";"5e 10%-inkomensgroep";"Ziekenhuiszorg";"2013";"    1255";"       ."
"Totaal mannen en vrouwen";"Totaal, gestandaardiseerd";"5e 10%-inkomensgroep";"Ziekenhuiszorg";"2014";"    1267";"       ."
"Totaal mannen en vrouwen";"Totaal, gestandaardiseerd";"5e 10%-inkomensgroep";"Ziekenhuiszorg";"2015";"    1216";"       ."
"Totaal mannen en vrouwen";"Totaal, gestandaardiseerd";"5e 10%-inkomensgroep";"Ziekenhuiszorg";"2016";"    1274";"       ."
"Totaal mannen en vrouwen";"Totaal, gestandaardiseerd";"5e 10%-inkomensgroep";"Ziekenhuiszorg";"2017";"    1292";"    58.3"
"Totaal mannen en vrouwen";"Totaal, gestandaardiseerd";"5e 10%-inkomensgroep";"Ziekenhuiszorg";"2018";"    1330";"    58.7"
"Totaal mannen en vrouwen";"Totaal, gestandaardiseerd";"5e 10%-inkomensgroep";"Ziekenhuiszorg";"2019";"    1367";"    58.8"
"Totaal mannen en vrouwen";"Totaal, gestandaardiseerd";"5e 10%-inkomensgroep";"Ziekenhuiszorg";"2020";"    1288";"    54.3"
"Totaal mannen en vrouwen";"Totaal, gestandaardiseerd";"5e 10%-inkomensgroep";"Ziekenhuiszorg";"2021";"    1430";"    56.5"
"Totaal mannen en vrouwen";"Totaal, gestandaardiseerd";"5e 10%-inkomensgroep";"Ziekenhuiszorg";"2022";"    1477";"    58.0"
"Totaal mannen en vrouwen";"Totaal, gestandaardiseerd";"5e 10%-inkomensgroep";"Ziekenhuiszorg";"2023*";"    1583";"    59.0"
"Totaal mannen en vrouwen";"Totaal, gestandaardiseerd";"5e 10%-inkomensgroep";"Farmacie";"2009";"     310";"       ."
"Totaal mannen en vrouwen";"Totaal, gestandaardiseerd";"5e 10%-inkomensgroep";"Farmacie";"2010";"     316";"       ."
"Totaal mannen en vrouwen";"Totaal, gestandaardiseerd";"5e 10%-inkomensgroep";"Farmacie";"2011";"     310";"       ."
"Totaal mannen en vrouwen";"Totaal, gestandaardiseerd";"5e 10%-inkomensgroep";"Farmacie";"2012";"     272";"       ."
"Totaal mannen en vrouwen";"Totaal, gestandaardiseerd";"5e 10%-inkomensgroep";"Farmacie";"2013";"     254";"       ."
"Totaal mannen en vrouwen";"Totaal, gestandaardiseerd";"5e 10%-inkomensgroep";"Farmacie";"2014";"     255";"       ."
"Totaal mannen en vrouwen";"Totaal, gestandaardiseerd";"5e 10%-inkomensgroep";"Farmacie";"2015";"     259";"       ."
"Totaal mannen en vrouwen";"Totaal, gestandaardiseerd";"5e 10%-inkomensgroep";"Farmacie";"2016";"     255";"       ."
"Totaal mannen en vrouwen";"Totaal, gestandaardiseerd";"5e 10%-inkomensgroep";"Farmacie";"2017";"     253";"    67.5"
"Totaal mannen en vrouwen";"Totaal, gestandaardiseerd";"5e 10%-inkomensgroep";"Farmacie";"2018";"     259";"    67.8"
"Totaal mannen en vrouwen";"Totaal, gestandaardiseerd";"5e 10%-inkomensgroep";"Farmacie";"2019";"     265";"    67.3"
"Totaal mannen en vrouwen";"Totaal, gestandaardiseerd";"5e 10%-inkomensgroep";"Farmacie";"2020";"     268";"    64.7"
"Totaal mannen en vrouwen";"Totaal, gestandaardiseerd";"5e 10%-inkomensgroep";"Farmacie";"2021";"     262";"    65.1"
"Totaal mannen en vrouwen";"Totaal, gestandaardiseerd";"5e 10%-inkomensgroep";"Farmacie";"2022";"     282";"    66.4"
"Totaal mannen en vrouwen";"Totaal, gestandaardiseerd";"5e 10%-inkomensgroep";"Farmacie";"2023*";"     289";"    66.7"
"Totaal mannen en vrouwen";"Totaal, gestandaardiseerd";"5e 10%-inkomensgroep";"Geestelijke gezondheidszorg-ZPM";"2009";"";""
"Totaal mannen en vrouwen";"Totaal, gestandaardiseerd";"5e 10%-inkomensgroep";"Geestelijke gezondheidszorg-ZPM";"2010";"";""
"Totaal mannen en vrouwen";"Totaal, gestandaardiseerd";"5e 10%-inkomensgroep";"Geestelijke gezondheidszorg-ZPM";"2011";"";""
"Totaal mannen en vrouwen";"Totaal, gestandaardiseerd";"5e 10%-inkomensgroep";"Geestelijke gezondheidszorg-ZPM";"2012";"";""
"Totaal mannen en vrouwen";"Totaal, gestandaardiseerd";"5e 10%-inkomensgroep";"Geestelijke gezondheidszorg-ZPM";"2013";"";""
"Totaal mannen en vrouwen";"Totaal, gestandaardiseerd";"5e 10%-inkomensgroep";"Geestelijke gezondheidszorg-ZPM";"2014";"";""
"Totaal mannen en vrouwen";"Totaal, gestandaardiseerd";"5e 10%-inkomensgroep";"Geestelijke gezondheidszorg-ZPM";"2015";"";""
"Totaal mannen en vrouwen";"Totaal, gestandaardiseerd";"5e 10%-inkomensgroep";"Geestelijke gezondheidszorg-ZPM";"2016";"";""
"Totaal mannen en vrouwen";"Totaal, gestandaardiseerd";"5e 10%-inkomensgroep";"Geestelijke gezondheidszorg-ZPM";"2017";"";""
"Totaal mannen en vrouwen";"Totaal, gestandaardiseerd";"5e 10%-inkomensgroep";"Geestelijke gezondheidszorg-ZPM";"2018";"";""
"Totaal mannen en vrouwen";"Totaal, gestandaardiseerd";"5e 10%-inkomensgroep";"Geestelijke gezondheidszorg-ZPM";"2019";"";""
"Totaal mannen en vrouwen";"Totaal, gestandaardiseerd";"5e 10%-inkomensgroep";"Geestelijke gezondheidszorg-ZPM";"2020";"";""
"Totaal mannen en vrouwen";"Totaal, gestandaardiseerd";"5e 10%-inkomensgroep";"Geestelijke gezondheidszorg-ZPM";"2021";"";""
"Totaal mannen en vrouwen";"Totaal, gestandaardiseerd";"5e 10%-inkomensgroep";"Geestelijke gezondheidszorg-ZPM";"2022";"     206";"     4.7"
"Totaal mannen en vrouwen";"Totaal, gestandaardiseerd";"5e 10%-inkomensgroep";"Geestelijke gezondheidszorg-ZPM";"2023*";"     228";"     5.0"
"Totaal mannen en vrouwen";"Totaal, gestandaardiseerd";"6e 10%-inkomensgroep";"Ziekenhuiszorg";"2009";"    1080";"       ."
"Totaal mannen en vrouwen";"Totaal, gestandaardiseerd";"6e 10%-inkomensgroep";"Ziekenhuiszorg";"2010";"    1111";"       ."
"Totaal mannen en vrouwen";"Totaal, gestandaardiseerd";"6e 10%-inkomensgroep";"Ziekenhuiszorg";"2011";"    1127";"       ."
"Totaal mannen en vrouwen";"Totaal, gestandaardiseerd";"6e 10%-inkomensgroep";"Ziekenhuiszorg";"2012";"    1176";"       ."
"Totaal mannen en vrouwen";"Totaal, gestandaardiseerd";"6e 10%-inkomensgroep";"Ziekenhuiszorg";"2013";"    1222";"       ."
"Totaal mannen en vrouwen";"Totaal, gestandaardiseerd";"6e 10%-inkomensgroep";"Ziekenhuiszorg";"2014";"    1235";"       ."
"Totaal mannen en vrouwen";"Totaal, gestandaardiseerd";"6e 10%-inkomensgroep";"Ziekenhuiszorg";"2015";"    1195";"       ."
"Totaal mannen en vrouwen";"Totaal, gestandaardiseerd";"6e 10%-inkomensgroep";"Ziekenhuiszorg";"2016";"    1249";"       ."
"Totaal mannen en vrouwen";"Totaal, gestandaardiseerd";"6e 10%-inkomensgroep";"Ziekenhuiszorg";"2017";"    1265";"    58.2"
"Totaal mannen en vrouwen";"Totaal, gestandaardiseerd";"6e 10%-inkomensgroep";"Ziekenhuiszorg";"2018";"    1296";"    58.6"
"Totaal mannen en vrouwen";"Totaal, gestandaardiseerd";"6e 10%-inkomensgroep";"Ziekenhuiszorg";"2019";"    1340";"    58.9"
"Totaal mannen en vrouwen";"Totaal, gestandaardiseerd";"6e 10%-inkomensgroep";"Ziekenhuiszorg";"2020";"    1265";"    54.3"
"Totaal mannen en vrouwen";"Totaal, gestandaardiseerd";"6e 10%-inkomensgroep";"Ziekenhuiszorg";"2021";"    1405";"    56.6"
"Totaal mannen en vrouwen";"Totaal, gestandaardiseerd";"6e 10%-inkomensgroep";"Ziekenhuiszorg";"2022";"    1447";"    58.0"
"Totaal mannen en vrouwen";"Totaal, gestandaardiseerd";"6e 10%-inkomensgroep";"Ziekenhuiszorg";"2023*";"    1547";"    59.1"
"Totaal mannen en vrouwen";"Totaal, gestandaardiseerd";"6e 10%-inkomensgroep";"Farmacie";"2009";"     298";"       ."
"Totaal mannen en vrouwen";"Totaal, gestandaardiseerd";"6e 10%-inkomensgroep";"Farmacie";"2010";"     303";"       ."
"Totaal mannen en vrouwen";"Totaal, gestandaardiseerd";"6e 10%-inkomensgroep";"Farmacie";"2011";"     300";"       ."
"Totaal mannen en vrouwen";"Totaal, gestandaardiseerd";"6e 10%-inkomensgroep";"Farmacie";"2012";"     262";"       ."
"Totaal mannen en vrouwen";"Totaal, gestandaardiseerd";"6e 10%-inkomensgroep";"Farmacie";"2013";"     243";"       ."
"Totaal mannen en vrouwen";"Totaal, gestandaardiseerd";"6e 10%-inkomensgroep";"Farmacie";"2014";"     240";"       ."
"Totaal mannen en vrouwen";"Totaal, gestandaardiseerd";"6e 10%-inkomensgroep";"Farmacie";"2015";"     245";"       ."
"Totaal mannen en vrouwen";"Totaal, gestandaardiseerd";"6e 10%-inkomensgroep";"Farmacie";"2016";"     241";"       ."
"Totaal mannen en vrouwen";"Totaal, gestandaardiseerd";"6e 10%-inkomensgroep";"Farmacie";"2017";"     241";"    67.2"
"Totaal mannen en vrouwen";"Totaal, gestandaardiseerd";"6e 10%-inkomensgroep";"Farmacie";"2018";"     242";"    67.5"
"Totaal mannen en vrouwen";"Totaal, gestandaardiseerd";"6e 10%-inkomensgroep";"Farmacie";"2019";"     251";"    67.2"
"Totaal mannen en vrouwen";"Totaal, gestandaardiseerd";"6e 10%-inkomensgroep";"Farmacie";"2020";"     257";"    64.4"
"Totaal mannen en vrouwen";"Totaal, gestandaardiseerd";"6e 10%-inkomensgroep";"Farmacie";"2021";"     252";"    65.0"
"Totaal mannen en vrouwen";"Totaal, gestandaardiseerd";"6e 10%-inkomensgroep";"Farmacie";"2022";"     272";"    66.2"
"Totaal mannen en vrouwen";"Totaal, gestandaardiseerd";"6e 10%-inkomensgroep";"Farmacie";"2023*";"     277";"    66.5"
"Totaal mannen en vrouwen";"Totaal, gestandaardiseerd";"6e 10%-inkomensgroep";"Geestelijke gezondheidszorg-ZPM";"2009";"";""
"Totaal mannen en vrouwen";"Totaal, gestandaardiseerd";"6e 10%-inkomensgroep";"Geestelijke gezondheidszorg-ZPM";"2010";"";""
"Totaal mannen en vrouwen";"Totaal, gestandaardiseerd";"6e 10%-inkomensgroep";"Geestelijke gezondheidszorg-ZPM";"2011";"";""
"Totaal mannen en vrouwen";"Totaal, gestandaardiseerd";"6e 10%-inkomensgroep";"Geestelijke gezondheidszorg-ZPM";"2012";"";""
"Totaal mannen en vrouwen";"Totaal, gestandaardiseerd";"6e 10%-inkomensgroep";"Geestelijke gezondheidszorg-ZPM";"2013";"";""
"Totaal mannen en vrouwen";"Totaal, gestandaardiseerd";"6e 10%-inkomensgroep";"Geestelijke gezondheidszorg-ZPM";"2014";"";""
"Totaal mannen en vrouwen";"Totaal, gestandaardiseerd";"6e 10%-inkomensgroep";"Geestelijke gezondheidszorg-ZPM";"2015";"";""
"Totaal mannen en vrouwen";"Totaal, gestandaardiseerd";"6e 10%-inkomensgroep";"Geestelijke gezondheidszorg-ZPM";"2016";"";""
"Totaal mannen en vrouwen";"Totaal, gestandaardiseerd";"6e 10%-inkomensgroep";"Geestelijke gezondheidszorg-ZPM";"2017";"";""
"Totaal mannen en vrouwen";"Totaal, gestandaardiseerd";"6e 10%-inkomensgroep";"Geestelijke gezondheidszorg-ZPM";"2018";"";""
"Totaal mannen en vrouwen";"Totaal, gestandaardiseerd";"6e 10%-inkomensgroep";"Geestelijke gezondheidszorg-ZPM";"2019";"";""
"Totaal mannen en vrouwen";"Totaal, gestandaardiseerd";"6e 10%-inkomensgroep";"Geestelijke gezondheidszorg-ZPM";"2020";"";""
"Totaal mannen en vrouwen";"Totaal, gestandaardiseerd";"6e 10%-inkomensgroep";"Geestelijke gezondheidszorg-ZPM";"2021";"";""
"Totaal mannen en vrouwen";"Totaal, gestandaardiseerd";"6e 10%-inkomensgroep";"Geestelijke gezondheidszorg-ZPM";"2022";"     185";"     4.5"
"Totaal mannen en vrouwen";"Totaal, gestandaardiseerd";"6e 10%-inkomensgroep";"Geestelijke gezondheidszorg-ZPM";"2023*";"     202";"     4.7"
"Totaal mannen en vrouwen";"Totaal, gestandaardiseerd";"7e 10%-inkomensgroep";"Ziekenhuiszorg";"2009";"    1059";"       ."
"Totaal mannen en vrouwen";"Totaal, gestandaardiseerd";"7e 10%-inkomensgroep";"Ziekenhuiszorg";"2010";"    1081";"       ."
"Totaal mannen en vrouwen";"Totaal, gestandaardiseerd";"7e 10%-inkomensgroep";"Ziekenhuiszorg";"2011";"    1104";"       ."
"Totaal mannen en vrouwen";"Totaal, gestandaardiseerd";"7e 10%-inkomensgroep";"Ziekenhuiszorg";"2012";"    1151";"       ."
"Totaal mannen en vrouwen";"Totaal, gestandaardiseerd";"7e 10%-inkomensgroep";"Ziekenhuiszorg";"2013";"    1197";"       ."
"Totaal mannen en vrouwen";"Totaal, gestandaardiseerd";"7e 10%-inkomensgroep";"Ziekenhuiszorg";"2014";"    1209";"       ."
"Totaal mannen en vrouwen";"Totaal, gestandaardiseerd";"7e 10%-inkomensgroep";"Ziekenhuiszorg";"2015";"    1163";"       ."
"Totaal mannen en vrouwen";"Totaal, gestandaardiseerd";"7e 10%-inkomensgroep";"Ziekenhuiszorg";"2016";"    1225";"       ."
"Totaal mannen en vrouwen";"Totaal, gestandaardiseerd";"7e 10%-inkomensgroep";"Ziekenhuiszorg";"2017";"    1237";"    58.2"
"Totaal mannen en vrouwen";"Totaal, gestandaardiseerd";"7e 10%-inkomensgroep";"Ziekenhuiszorg";"2018";"    1273";"    58.6"
"Totaal mannen en vrouwen";"Totaal, gestandaardiseerd";"7e 10%-inkomensgroep";"Ziekenhuiszorg";"2019";"    1314";"    58.8"
"Totaal mannen en vrouwen";"Totaal, gestandaardiseerd";"7e 10%-inkomensgroep";"Ziekenhuiszorg";"2020";"    1237";"    54.3"
"Totaal mannen en vrouwen";"Totaal, gestandaardiseerd";"7e 10%-inkomensgroep";"Ziekenhuiszorg";"2021";"    1373";"    56.7"
"Totaal mannen en vrouwen";"Totaal, gestandaardiseerd";"7e 10%-inkomensgroep";"Ziekenhuiszorg";"2022";"    1422";"    58.1"
"Totaal mannen en vrouwen";"Totaal, gestandaardiseerd";"7e 10%-inkomensgroep";"Ziekenhuiszorg";"2023*";"    1533";"    59.2"
"Totaal mannen en vrouwen";"Totaal, gestandaardiseerd";"7e 10%-inkomensgroep";"Farmacie";"2009";"     292";"       ."
"Totaal mannen en vrouwen";"Totaal, gestandaardiseerd";"7e 10%-inkomensgroep";"Farmacie";"2010";"     294";"       ."
"Totaal mannen en vrouwen";"Totaal, gestandaardiseerd";"7e 10%-inkomensgroep";"Farmacie";"2011";"     288";"       ."
"Totaal mannen en vrouwen";"Totaal, gestandaardiseerd";"7e 10%-inkomensgroep";"Farmacie";"2012";"     250";"       ."
"Totaal mannen en vrouwen";"Totaal, gestandaardiseerd";"7e 10%-inkomensgroep";"Farmacie";"2013";"     233";"       ."
"Totaal mannen en vrouwen";"Totaal, gestandaardiseerd";"7e 10%-inkomensgroep";"Farmacie";"2014";"     232";"       ."
"Totaal mannen en vrouwen";"Totaal, gestandaardiseerd";"7e 10%-inkomensgroep";"Farmacie";"2015";"     235";"       ."
"Totaal mannen en vrouwen";"Totaal, gestandaardiseerd";"7e 10%-inkomensgroep";"Farmacie";"2016";"     232";"       ."
"Totaal mannen en vrouwen";"Totaal, gestandaardiseerd";"7e 10%-inkomensgroep";"Farmacie";"2017";"     232";"    66.8"
"Totaal mannen en vrouwen";"Totaal, gestandaardiseerd";"7e 10%-inkomensgroep";"Farmacie";"2018";"     237";"    67.1"
"Totaal mannen en vrouwen";"Totaal, gestandaardiseerd";"7e 10%-inkomensgroep";"Farmacie";"2019";"     246";"    66.8"
"Totaal mannen en vrouwen";"Totaal, gestandaardiseerd";"7e 10%-inkomensgroep";"Farmacie";"2020";"     246";"    64.1"
"Totaal mannen en vrouwen";"Totaal, gestandaardiseerd";"7e 10%-inkomensgroep";"Farmacie";"2021";"     244";"    64.7"
"Totaal mannen en vrouwen";"Totaal, gestandaardiseerd";"7e 10%-inkomensgroep";"Farmacie";"2022";"     261";"    66.0"
"Totaal mannen en vrouwen";"Totaal, gestandaardiseerd";"7e 10%-inkomensgroep";"Farmacie";"2023*";"     266";"    66.3"
"Totaal mannen en vrouwen";"Totaal, gestandaardiseerd";"7e 10%-inkomensgroep";"Geestelijke gezondheidszorg-ZPM";"2009";"";""
"Totaal mannen en vrouwen";"Totaal, gestandaardiseerd";"7e 10%-inkomensgroep";"Geestelijke gezondheidszorg-ZPM";"2010";"";""
"Totaal mannen en vrouwen";"Totaal, gestandaardiseerd";"7e 10%-inkomensgroep";"Geestelijke gezondheidszorg-ZPM";"2011";"";""
"Totaal mannen en vrouwen";"Totaal, gestandaardiseerd";"7e 10%-inkomensgroep";"Geestelijke gezondheidszorg-ZPM";"2012";"";""
"Totaal mannen en vrouwen";"Totaal, gestandaardiseerd";"7e 10%-inkomensgroep";"Geestelijke gezondheidszorg-ZPM";"2013";"";""
"Totaal mannen en vrouwen";"Totaal, gestandaardiseerd";"7e 10%-inkomensgroep";"Geestelijke gezondheidszorg-ZPM";"2014";"";""
"Totaal mannen en vrouwen";"Totaal, gestandaardiseerd";"7e 10%-inkomensgroep";"Geestelijke gezondheidszorg-ZPM";"2015";"";""
"Totaal mannen en vrouwen";"Totaal, gestandaardiseerd";"7e 10%-inkomensgroep";"Geestelijke gezondheidszorg-ZPM";"2016";"";""
"Totaal mannen en vrouwen";"Totaal, gestandaardiseerd";"7e 10%-inkomensgroep";"Geestelijke gezondheidszorg-ZPM";"2017";"";""
"Totaal mannen en vrouwen";"Totaal, gestandaardiseerd";"7e 10%-inkomensgroep";"Geestelijke gezondheidszorg-ZPM";"2018";"";""
"Totaal mannen en vrouwen";"Totaal, gestandaardiseerd";"7e 10%-inkomensgroep";"Geestelijke gezondheidszorg-ZPM";"2019";"";""
"Totaal mannen en vrouwen";"Totaal, gestandaardiseerd";"7e 10%-inkomensgroep";"Geestelijke gezondheidszorg-ZPM";"2020";"";""
"Totaal mannen en vrouwen";"Totaal, gestandaardiseerd";"7e 10%-inkomensgroep";"Geestelijke gezondheidszorg-ZPM";"2021";"";""
"Totaal mannen en vrouwen";"Totaal, gestandaardiseerd";"7e 10%-inkomensgroep";"Geestelijke gezondheidszorg-ZPM";"2022";"     172";"     4.3"
"Totaal mannen en vrouwen";"Totaal, gestandaardiseerd";"7e 10%-inkomensgroep";"Geestelijke gezondheidszorg-ZPM";"2023*";"     189";"     4.6"
"Totaal mannen en vrouwen";"Totaal, gestandaardiseerd";"8e 10%-inkomensgroep";"Ziekenhuiszorg";"2009";"    1029";"       ."
"Totaal mannen en vrouwen";"Totaal, gestandaardiseerd";"8e 10%-inkomensgroep";"Ziekenhuiszorg";"2010";"    1052";"       ."
"Totaal mannen en vrouwen";"Totaal, gestandaardiseerd";"8e 10%-inkomensgroep";"Ziekenhuiszorg";"2011";"    1068";"       ."
"Totaal mannen en vrouwen";"Totaal, gestandaardiseerd";"8e 10%-inkomensgroep";"Ziekenhuiszorg";"2012";"    1119";"       ."
"Totaal mannen en vrouwen";"Totaal, gestandaardiseerd";"8e 10%-inkomensgroep";"Ziekenhuiszorg";"2013";"    1175";"       ."
"Totaal mannen en vrouwen";"Totaal, gestandaardiseerd";"8e 10%-inkomensgroep";"Ziekenhuiszorg";"2014";"    1171";"       ."
"Totaal mannen en vrouwen";"Totaal, gestandaardiseerd";"8e 10%-inkomensgroep";"Ziekenhuiszorg";"2015";"    1143";"       ."
"Totaal mannen en vrouwen";"Totaal, gestandaardiseerd";"8e 10%-inkomensgroep";"Ziekenhuiszorg";"2016";"    1192";"       ."
"Totaal mannen en vrouwen";"Totaal, gestandaardiseerd";"8e 10%-inkomensgroep";"Ziekenhuiszorg";"2017";"    1214";"    58.1"
"Totaal mannen en vrouwen";"Totaal, gestandaardiseerd";"8e 10%-inkomensgroep";"Ziekenhuiszorg";"2018";"    1248";"    58.6"
"Totaal mannen en vrouwen";"Totaal, gestandaardiseerd";"8e 10%-inkomensgroep";"Ziekenhuiszorg";"2019";"    1289";"    58.8"
"Totaal mannen en vrouwen";"Totaal, gestandaardiseerd";"8e 10%-inkomensgroep";"Ziekenhuiszorg";"2020";"    1227";"    54.4"
"Totaal mannen en vrouwen";"Totaal, gestandaardiseerd";"8e 10%-inkomensgroep";"Ziekenhuiszorg";"2021";"    1353";"    56.7"
"Totaal mannen en vrouwen";"Totaal, gestandaardiseerd";"8e 10%-inkomensgroep";"Ziekenhuiszorg";"2022";"    1392";"    58.2"
"Totaal mannen en vrouwen";"Totaal, gestandaardiseerd";"8e 10%-inkomensgroep";"Ziekenhuiszorg";"2023*";"    1494";"    59.3"
"Totaal mannen en vrouwen";"Totaal, gestandaardiseerd";"8e 10%-inkomensgroep";"Farmacie";"2009";"     281";"       ."
"Totaal mannen en vrouwen";"Totaal, gestandaardiseerd";"8e 10%-inkomensgroep";"Farmacie";"2010";"     284";"       ."
"Totaal mannen en vrouwen";"Totaal, gestandaardiseerd";"8e 10%-inkomensgroep";"Farmacie";"2011";"     278";"       ."
"Totaal mannen en vrouwen";"Totaal, gestandaardiseerd";"8e 10%-inkomensgroep";"Farmacie";"2012";"     241";"       ."
"Totaal mannen en vrouwen";"Totaal, gestandaardiseerd";"8e 10%-inkomensgroep";"Farmacie";"2013";"     224";"       ."
"Totaal mannen en vrouwen";"Totaal, gestandaardiseerd";"8e 10%-inkomensgroep";"Farmacie";"2014";"     222";"       ."
"Totaal mannen en vrouwen";"Totaal, gestandaardiseerd";"8e 10%-inkomensgroep";"Farmacie";"2015";"     225";"       ."
"Totaal mannen en vrouwen";"Totaal, gestandaardiseerd";"8e 10%-inkomensgroep";"Farmacie";"2016";"     223";"       ."
"Totaal mannen en vrouwen";"Totaal, gestandaardiseerd";"8e 10%-inkomensgroep";"Farmacie";"2017";"     225";"    66.3"
"Totaal mannen en vrouwen";"Totaal, gestandaardiseerd";"8e 10%-inkomensgroep";"Farmacie";"2018";"     229";"    66.6"
"Totaal mannen en vrouwen";"Totaal, gestandaardiseerd";"8e 10%-inkomensgroep";"Farmacie";"2019";"     237";"    66.2"
"Totaal mannen en vrouwen";"Totaal, gestandaardiseerd";"8e 10%-inkomensgroep";"Farmacie";"2020";"     241";"    63.7"
"Totaal mannen en vrouwen";"Totaal, gestandaardiseerd";"8e 10%-inkomensgroep";"Farmacie";"2021";"     235";"    64.3"
"Totaal mannen en vrouwen";"Totaal, gestandaardiseerd";"8e 10%-inkomensgroep";"Farmacie";"2022";"     250";"    65.5"
"Totaal mannen en vrouwen";"Totaal, gestandaardiseerd";"8e 10%-inkomensgroep";"Farmacie";"2023*";"     257";"    65.9"
"Totaal mannen en vrouwen";"Totaal, gestandaardiseerd";"8e 10%-inkomensgroep";"Geestelijke gezondheidszorg-ZPM";"2009";"";""
"Totaal mannen en vrouwen";"Totaal, gestandaardiseerd";"8e 10%-inkomensgroep";"Geestelijke gezondheidszorg-ZPM";"2010";"";""
"Totaal mannen en vrouwen";"Totaal, gestandaardiseerd";"8e 10%-inkomensgroep";"Geestelijke gezondheidszorg-ZPM";"2011";"";""
"Totaal mannen en vrouwen";"Totaal, gestandaardiseerd";"8e 10%-inkomensgroep";"Geestelijke gezondheidszorg-ZPM";"2012";"";""
"Totaal mannen en vrouwen";"Totaal, gestandaardiseerd";"8e 10%-inkomensgroep";"Geestelijke gezondheidszorg-ZPM";"2013";"";""
"Totaal mannen en vrouwen";"Totaal, gestandaardiseerd";"8e 10%-inkomensgroep";"Geestelijke gezondheidszorg-ZPM";"2014";"";""
"Totaal mannen en vrouwen";"Totaal, gestandaardiseerd";"8e 10%-inkomensgroep";"Geestelijke gezondheidszorg-ZPM";"2015";"";""
"Totaal mannen en vrouwen";"Totaal, gestandaardiseerd";"8e 10%-inkomensgroep";"Geestelijke gezondheidszorg-ZPM";"2016";"";""
"Totaal mannen en vrouwen";"Totaal, gestandaardiseerd";"8e 10%-inkomensgroep";"Geestelijke gezondheidszorg-ZPM";"2017";"";""
"Totaal mannen en vrouwen";"Totaal, gestandaardiseerd";"8e 10%-inkomensgroep";"Geestelijke gezondheidszorg-ZPM";"2018";"";""
"Totaal mannen en vrouwen";"Totaal, gestandaardiseerd";"8e 10%-inkomensgroep";"Geestelijke gezondheidszorg-ZPM";"2019";"";""
"Totaal mannen en vrouwen";"Totaal, gestandaardiseerd";"8e 10%-inkomensgroep";"Geestelijke gezondheidszorg-ZPM";"2020";"";""
"Totaal mannen en vrouwen";"Totaal, gestandaardiseerd";"8e 10%-inkomensgroep";"Geestelijke gezondheidszorg-ZPM";"2021";"";""
"Totaal mannen en vrouwen";"Totaal, gestandaardiseerd";"8e 10%-inkomensgroep";"Geestelijke gezondheidszorg-ZPM";"2022";"     156";"     4.1"
"Totaal mannen en vrouwen";"Totaal, gestandaardiseerd";"8e 10%-inkomensgroep";"Geestelijke gezondheidszorg-ZPM";"2023*";"     174";"     4.4"
"Totaal mannen en vrouwen";"Totaal, gestandaardiseerd";"9e 10%-inkomensgroep";"Ziekenhuiszorg";"2009";"    1001";"       ."
"Totaal mannen en vrouwen";"Totaal, gestandaardiseerd";"9e 10%-inkomensgroep";"Ziekenhuiszorg";"2010";"    1018";"       ."
"Totaal mannen en vrouwen";"Totaal, gestandaardiseerd";"9e 10%-inkomensgroep";"Ziekenhuiszorg";"2011";"    1033";"       ."
"Totaal mannen en vrouwen";"Totaal, gestandaardiseerd";"9e 10%-inkomensgroep";"Ziekenhuiszorg";"2012";"    1086";"       ."
"Totaal mannen en vrouwen";"Totaal, gestandaardiseerd";"9e 10%-inkomensgroep";"Ziekenhuiszorg";"2013";"    1136";"       ."
"Totaal mannen en vrouwen";"Totaal, gestandaardiseerd";"9e 10%-inkomensgroep";"Ziekenhuiszorg";"2014";"    1147";"       ."
"Totaal mannen en vrouwen";"Totaal, gestandaardiseerd";"9e 10%-inkomensgroep";"Ziekenhuiszorg";"2015";"    1103";"       ."
"Totaal mannen en vrouwen";"Totaal, gestandaardiseerd";"9e 10%-inkomensgroep";"Ziekenhuiszorg";"2016";"    1177";"       ."
"Totaal mannen en vrouwen";"Totaal, gestandaardiseerd";"9e 10%-inkomensgroep";"Ziekenhuiszorg";"2017";"    1182";"    58.0"
"Totaal mannen en vrouwen";"Totaal, gestandaardiseerd";"9e 10%-inkomensgroep";"Ziekenhuiszorg";"2018";"    1221";"    58.4"
"Totaal mannen en vrouwen";"Totaal, gestandaardiseerd";"9e 10%-inkomensgroep";"Ziekenhuiszorg";"2019";"    1255";"    58.8"
"Totaal mannen en vrouwen";"Totaal, gestandaardiseerd";"9e 10%-inkomensgroep";"Ziekenhuiszorg";"2020";"    1199";"    54.3"
"Totaal mannen en vrouwen";"Totaal, gestandaardiseerd";"9e 10%-inkomensgroep";"Ziekenhuiszorg";"2021";"    1314";"    56.6"
"Totaal mannen en vrouwen";"Totaal, gestandaardiseerd";"9e 10%-inkomensgroep";"Ziekenhuiszorg";"2022";"    1353";"    58.0"
"Totaal mannen en vrouwen";"Totaal, gestandaardiseerd";"9e 10%-inkomensgroep";"Ziekenhuiszorg";"2023*";"    1465";"    59.2"
"Totaal mannen en vrouwen";"Totaal, gestandaardiseerd";"9e 10%-inkomensgroep";"Farmacie";"2009";"     271";"       ."
"Totaal mannen en vrouwen";"Totaal, gestandaardiseerd";"9e 10%-inkomensgroep";"Farmacie";"2010";"     273";"       ."
"Totaal mannen en vrouwen";"Totaal, gestandaardiseerd";"9e 10%-inkomensgroep";"Farmacie";"2011";"     267";"       ."
"Totaal mannen en vrouwen";"Totaal, gestandaardiseerd";"9e 10%-inkomensgroep";"Farmacie";"2012";"     234";"       ."
"Totaal mannen en vrouwen";"Totaal, gestandaardiseerd";"9e 10%-inkomensgroep";"Farmacie";"2013";"     215";"       ."
"Totaal mannen en vrouwen";"Totaal, gestandaardiseerd";"9e 10%-inkomensgroep";"Farmacie";"2014";"     211";"       ."
"Totaal mannen en vrouwen";"Totaal, gestandaardiseerd";"9e 10%-inkomensgroep";"Farmacie";"2015";"     215";"       ."
"Totaal mannen en vrouwen";"Totaal, gestandaardiseerd";"9e 10%-inkomensgroep";"Farmacie";"2016";"     215";"       ."
"Totaal mannen en vrouwen";"Totaal, gestandaardiseerd";"9e 10%-inkomensgroep";"Farmacie";"2017";"     214";"    65.6"
"Totaal mannen en vrouwen";"Totaal, gestandaardiseerd";"9e 10%-inkomensgroep";"Farmacie";"2018";"     219";"    66.0"
"Totaal mannen en vrouwen";"Totaal, gestandaardiseerd";"9e 10%-inkomensgroep";"Farmacie";"2019";"     225";"    65.6"
"Totaal mannen en vrouwen";"Totaal, gestandaardiseerd";"9e 10%-inkomensgroep";"Farmacie";"2020";"     229";"    63.0"
"Totaal mannen en vrouwen";"Totaal, gestandaardiseerd";"9e 10%-inkomensgroep";"Farmacie";"2021";"     225";"    63.6"
"Totaal mannen en vrouwen";"Totaal, gestandaardiseerd";"9e 10%-inkomensgroep";"Farmacie";"2022";"     240";"    64.7"
"Totaal mannen en vrouwen";"Totaal, gestandaardiseerd";"9e 10%-inkomensgroep";"Farmacie";"2023*";"     247";"    65.3"
"Totaal mannen en vrouwen";"Totaal, gestandaardiseerd";"9e 10%-inkomensgroep";"Geestelijke gezondheidszorg-ZPM";"2009";"";""
"Totaal mannen en vrouwen";"Totaal, gestandaardiseerd";"9e 10%-inkomensgroep";"Geestelijke gezondheidszorg-ZPM";"2010";"";""
"Totaal mannen en vrouwen";"Totaal, gestandaardiseerd";"9e 10%-inkomensgroep";"Geestelijke gezondheidszorg-ZPM";"2011";"";""
"Totaal mannen en vrouwen";"Totaal, gestandaardiseerd";"9e 10%-inkomensgroep";"Geestelijke gezondheidszorg-ZPM";"2012";"";""
"Totaal mannen en vrouwen";"Totaal, gestandaardiseerd";"9e 10%-inkomensgroep";"Geestelijke gezondheidszorg-ZPM";"2013";"";""
"Totaal mannen en vrouwen";"Totaal, gestandaardiseerd";"9e 10%-inkomensgroep";"Geestelijke gezondheidszorg-ZPM";"2014";"";""
"Totaal mannen en vrouwen";"Totaal, gestandaardiseerd";"9e 10%-inkomensgroep";"Geestelijke gezondheidszorg-ZPM";"2015";"";""
"Totaal mannen en vrouwen";"Totaal, gestandaardiseerd";"9e 10%-inkomensgroep";"Geestelijke gezondheidszorg-ZPM";"2016";"";""
"Totaal mannen en vrouwen";"Totaal, gestandaardiseerd";"9e 10%-inkomensgroep";"Geestelijke gezondheidszorg-ZPM";"2017";"";""
"Totaal mannen en vrouwen";"Totaal, gestandaardiseerd";"9e 10%-inkomensgroep";"Geestelijke gezondheidszorg-ZPM";"2018";"";""
"Totaal mannen en vrouwen";"Totaal, gestandaardiseerd";"9e 10%-inkomensgroep";"Geestelijke gezondheidszorg-ZPM";"2019";"";""
"Totaal mannen en vrouwen";"Totaal, gestandaardiseerd";"9e 10%-inkomensgroep";"Geestelijke gezondheidszorg-ZPM";"2020";"";""
"Totaal mannen en vrouwen";"Totaal, gestandaardiseerd";"9e 10%-inkomensgroep";"Geestelijke gezondheidszorg-ZPM";"2021";"";""
"Totaal mannen en vrouwen";"Totaal, gestandaardiseerd";"9e 10%-inkomensgroep";"Geestelijke gezondheidszorg-ZPM";"2022";"     141";"     3.9"
"Totaal mannen en vrouwen";"Totaal, gestandaardiseerd";"9e 10%-inkomensgroep";"Geestelijke gezondheidszorg-ZPM";"2023*";"     159";"     4.2"
"Totaal mannen en vrouwen";"Totaal, gestandaardiseerd";"10e 10%-inkomensgroep (hoog inkomen)";"Ziekenhuiszorg";"2009";"     960";"       ."
"Totaal mannen en vrouwen";"Totaal, gestandaardiseerd";"10e 10%-inkomensgroep (hoog inkomen)";"Ziekenhuiszorg";"2010";"     983";"       ."
"Totaal mannen en vrouwen";"Totaal, gestandaardiseerd";"10e 10%-inkomensgroep (hoog inkomen)";"Ziekenhuiszorg";"2011";"     996";"       ."
"Totaal mannen en vrouwen";"Totaal, gestandaardiseerd";"10e 10%-inkomensgroep (hoog inkomen)";"Ziekenhuiszorg";"2012";"    1041";"       ."
"Totaal mannen en vrouwen";"Totaal, gestandaardiseerd";"10e 10%-inkomensgroep (hoog inkomen)";"Ziekenhuiszorg";"2013";"    1078";"       ."
"Totaal mannen en vrouwen";"Totaal, gestandaardiseerd";"10e 10%-inkomensgroep (hoog inkomen)";"Ziekenhuiszorg";"2014";"    1095";"       ."
"Totaal mannen en vrouwen";"Totaal, gestandaardiseerd";"10e 10%-inkomensgroep (hoog inkomen)";"Ziekenhuiszorg";"2015";"    1055";"       ."
"Totaal mannen en vrouwen";"Totaal, gestandaardiseerd";"10e 10%-inkomensgroep (hoog inkomen)";"Ziekenhuiszorg";"2016";"    1122";"       ."
"Totaal mannen en vrouwen";"Totaal, gestandaardiseerd";"10e 10%-inkomensgroep (hoog inkomen)";"Ziekenhuiszorg";"2017";"    1135";"    57.6"
"Totaal mannen en vrouwen";"Totaal, gestandaardiseerd";"10e 10%-inkomensgroep (hoog inkomen)";"Ziekenhuiszorg";"2018";"    1173";"    57.9"
"Totaal mannen en vrouwen";"Totaal, gestandaardiseerd";"10e 10%-inkomensgroep (hoog inkomen)";"Ziekenhuiszorg";"2019";"    1207";"    58.3"
"Totaal mannen en vrouwen";"Totaal, gestandaardiseerd";"10e 10%-inkomensgroep (hoog inkomen)";"Ziekenhuiszorg";"2020";"    1160";"    53.8"
"Totaal mannen en vrouwen";"Totaal, gestandaardiseerd";"10e 10%-inkomensgroep (hoog inkomen)";"Ziekenhuiszorg";"2021";"    1267";"    56.2"
"Totaal mannen en vrouwen";"Totaal, gestandaardiseerd";"10e 10%-inkomensgroep (hoog inkomen)";"Ziekenhuiszorg";"2022";"    1308";"    57.4"
"Totaal mannen en vrouwen";"Totaal, gestandaardiseerd";"10e 10%-inkomensgroep (hoog inkomen)";"Ziekenhuiszorg";"2023*";"    1397";"    58.7"
"Totaal mannen en vrouwen";"Totaal, gestandaardiseerd";"10e 10%-inkomensgroep (hoog inkomen)";"Farmacie";"2009";"     257";"       ."
"Totaal mannen en vrouwen";"Totaal, gestandaardiseerd";"10e 10%-inkomensgroep (hoog inkomen)";"Farmacie";"2010";"     260";"       ."
"Totaal mannen en vrouwen";"Totaal, gestandaardiseerd";"10e 10%-inkomensgroep (hoog inkomen)";"Farmacie";"2011";"     253";"       ."
"Totaal mannen en vrouwen";"Totaal, gestandaardiseerd";"10e 10%-inkomensgroep (hoog inkomen)";"Farmacie";"2012";"     221";"       ."
"Totaal mannen en vrouwen";"Totaal, gestandaardiseerd";"10e 10%-inkomensgroep (hoog inkomen)";"Farmacie";"2013";"     202";"       ."
"Totaal mannen en vrouwen";"Totaal, gestandaardiseerd";"10e 10%-inkomensgroep (hoog inkomen)";"Farmacie";"2014";"     199";"       ."
"Totaal mannen en vrouwen";"Totaal, gestandaardiseerd";"10e 10%-inkomensgroep (hoog inkomen)";"Farmacie";"2015";"     200";"       ."
"Totaal mannen en vrouwen";"Totaal, gestandaardiseerd";"10e 10%-inkomensgroep (hoog inkomen)";"Farmacie";"2016";"     201";"       ."
"Totaal mannen en vrouwen";"Totaal, gestandaardiseerd";"10e 10%-inkomensgroep (hoog inkomen)";"Farmacie";"2017";"     200";"    64.4"
"Totaal mannen en vrouwen";"Totaal, gestandaardiseerd";"10e 10%-inkomensgroep (hoog inkomen)";"Farmacie";"2018";"     204";"    64.8"
"Totaal mannen en vrouwen";"Totaal, gestandaardiseerd";"10e 10%-inkomensgroep (hoog inkomen)";"Farmacie";"2019";"     212";"    64.5"
"Totaal mannen en vrouwen";"Totaal, gestandaardiseerd";"10e 10%-inkomensgroep (hoog inkomen)";"Farmacie";"2020";"     215";"    61.9"
"Totaal mannen en vrouwen";"Totaal, gestandaardiseerd";"10e 10%-inkomensgroep (hoog inkomen)";"Farmacie";"2021";"     212";"    62.5"
"Totaal mannen en vrouwen";"Totaal, gestandaardiseerd";"10e 10%-inkomensgroep (hoog inkomen)";"Farmacie";"2022";"     229";"    63.6"
"Totaal mannen en vrouwen";"Totaal, gestandaardiseerd";"10e 10%-inkomensgroep (hoog inkomen)";"Farmacie";"2023*";"     235";"    64.4"
"Totaal mannen en vrouwen";"Totaal, gestandaardiseerd";"10e 10%-inkomensgroep (hoog inkomen)";"Geestelijke gezondheidszorg-ZPM";"2009";"";""
"Totaal mannen en vrouwen";"Totaal, gestandaardiseerd";"10e 10%-inkomensgroep (hoog inkomen)";"Geestelijke gezondheidszorg-ZPM";"2010";"";""
"Totaal mannen en vrouwen";"Totaal, gestandaardiseerd";"10e 10%-inkomensgroep (hoog inkomen)";"Geestelijke gezondheidszorg-ZPM";"2011";"";""
"Totaal mannen en vrouwen";"Totaal, gestandaardiseerd";"10e 10%-inkomensgroep (hoog inkomen)";"Geestelijke gezondheidszorg-ZPM";"2012";"";""
"Totaal mannen en vrouwen";"Totaal, gestandaardiseerd";"10e 10%-inkomensgroep (hoog inkomen)";"Geestelijke gezondheidszorg-ZPM";"2013";"";""
"Totaal mannen en vrouwen";"Totaal, gestandaardiseerd";"10e 10%-inkomensgroep (hoog inkomen)";"Geestelijke gezondheidszorg-ZPM";"2014";"";""
"Totaal mannen en vrouwen";"Totaal, gestandaardiseerd";"10e 10%-inkomensgroep (hoog inkomen)";"Geestelijke gezondheidszorg-ZPM";"2015";"";""
"Totaal mannen en vrouwen";"Totaal, gestandaardiseerd";"10e 10%-inkomensgroep (hoog inkomen)";"Geestelijke gezondheidszorg-ZPM";"2016";"";""
"Totaal mannen en vrouwen";"Totaal, gestandaardiseerd";"10e 10%-inkomensgroep (hoog inkomen)";"Geestelijke gezondheidszorg-ZPM";"2017";"";""
"Totaal mannen en vrouwen";"Totaal, gestandaardiseerd";"10e 10%-inkomensgroep (hoog inkomen)";"Geestelijke gezondheidszorg-ZPM";"2018";"";""
"Totaal mannen en vrouwen";"Totaal, gestandaardiseerd";"10e 10%-inkomensgroep (hoog inkomen)";"Geestelijke gezondheidszorg-ZPM";"2019";"";""
"Totaal mannen en vrouwen";"Totaal, gestandaardiseerd";"10e 10%-inkomensgroep (hoog inkomen)";"Geestelijke gezondheidszorg-ZPM";"2020";"";""
"Totaal mannen en vrouwen";"Totaal, gestandaardiseerd";"10e 10%-inkomensgroep (hoog inkomen)";"Geestelijke gezondheidszorg-ZPM";"2021";"";""
"Totaal mannen en vrouwen";"Totaal, gestandaardiseerd";"10e 10%-inkomensgroep (hoog inkomen)";"Geestelijke gezondheidszorg-ZPM";"2022";"     122";"     3.5"
"Totaal mannen en vrouwen";"Totaal, gestandaardiseerd";"10e 10%-inkomensgroep (hoog inkomen)";"Geestelijke gezondheidszorg-ZPM";"2023*";"     136";"     3.8"
